{"cameraMode":{"drawMode":0,"name":"Shaded","section":"Shading Mode"},"sceneLighting":false,"audioPlay":false,"sceneViewState":{"showFog":true,"showMaterialUpdate":false,"showSkybox":false,"showFlares":true,"showImageEffects":true,"showParticleSystems":true},"in2DMode":false,"pivot":{"x":0.8724182844161987,"y":0.9742681980133057,"z":-2.5249733924865724},"rotation":{"x":0.024082912132143976,"y":0.9665711522102356,"z":-0.23531869053840638,"w":0.09892109781503678},"size":0.25983721017837527,"orthographic":false}