{"cameraMode":{"drawMode":0,"name":"Shaded","section":"Shading Mode"},"sceneLighting":true,"audioPlay":false,"sceneViewState":{"showFog":true,"showMaterialUpdate":false,"showSkybox":true,"showFlares":true,"showImageEffects":true,"showParticleSystems":true},"in2DMode":false,"pivot":{"x":2.0531840324401857,"y":-1.4672622680664063,"z":8.316803932189942},"rotation":{"x":0.18447984755039216,"y":0.08862573653459549,"z":-0.016705820336937906,"w":0.9786897897720337},"size":10.70625114440918,"orthographic":false}