{"cameraMode":{"drawMode":0,"name":"Shaded","section":"Shading Mode"},"sceneLighting":true,"audioPlay":false,"sceneViewState":{"showFog":true,"showMaterialUpdate":false,"showSkybox":true,"showFlares":true,"showImageEffects":true,"showParticleSystems":true},"in2DMode":false,"pivot":{"x":-12.798370361328125,"y":-1.8553240299224854,"z":-15.634876251220704},"rotation":{"x":-0.031519677489995959,"y":0.9331263303756714,"z":-0.08450400829315186,"w":-0.3480529487133026},"size":24.8919734954834,"orthographic":false}