{"cameraMode":{"drawMode":0,"name":"Shaded","section":"Shading Mode"},"sceneLighting":true,"audioPlay":false,"sceneViewState":{"showFog":true,"showMaterialUpdate":false,"showSkybox":true,"showFlares":true,"showImageEffects":true,"showParticleSystems":true},"in2DMode":false,"pivot":{"x":-0.4113544225692749,"y":1.267342209815979,"z":2.8720085620880129},"rotation":{"x":-0.18160632252693177,"y":0.38006773591041567,"z":-0.07637501507997513,"w":-0.9037337303161621},"size":3.1056716442108156,"orthographic":false}