{"cameraMode":{"drawMode":0,"name":"Shaded","section":"Shading Mode"},"sceneLighting":true,"audioPlay":false,"sceneViewState":{"showFog":true,"showMaterialUpdate":false,"showSkybox":true,"showFlares":true,"showImageEffects":true,"showParticleSystems":true},"in2DMode":false,"pivot":{"x":-21.158018112182618,"y":3.732447624206543,"z":14.62139892578125},"rotation":{"x":0.18447984755039216,"y":0.08862573653459549,"z":-0.016705820336937906,"w":0.9786897897720337},"size":32.498443603515628,"orthographic":false}