{"cameraMode":{"drawMode":0,"name":"Shaded","section":"Shading Mode"},"sceneLighting":true,"audioPlay":false,"sceneViewState":{"showFog":true,"showMaterialUpdate":false,"showSkybox":true,"showFlares":true,"showImageEffects":true,"showParticleSystems":true},"in2DMode":false,"pivot":{"x":0.018257826566696168,"y":-0.8005647659301758,"z":5.237809658050537},"rotation":{"x":-0.24236074090003968,"y":0.009311031550168991,"z":-0.0023261092137545349,"w":-0.9701387882232666},"size":5.696730136871338,"orthographic":false}